Scraper,Mod√®le,Grade,Prix
Smartgrade, S23 Ultra 5G (G918), Grade A,87.6
Smartgrade, S23 Ultra 5G (G918), Grade B,85.9
Smartgrade, S23 Ultra 5G (G918), Grade C,55.7
Smartgrade, S23 Ultra 5G (G918), Grade D,44.5
Smartgrade, S23 Ultra 5G (G918), Grade E,14.8
Smartgrade, S23 Ultra 5G (G918), Grade F,7.1
Smartgrade, S23 Ultra 5G (G918), Grade G,4.2
Smartgrade, S23 Ultra 5G (G918), Fully Broken,0.8
Smartgrade, S23 Plus 5G (G916), Grade A,49.2
Smartgrade, S23 Plus 5G (G916), Grade B,45.2
Smartgrade, S23 Plus 5G (G916), Grade C,27.6
Smartgrade, S23 Plus 5G (G916), Grade D,18.0
Smartgrade, S23 Plus 5G (G916), Grade E,0
Smartgrade, S23 Plus 5G (G916), Grade F,0
Smartgrade, S23 Plus 5G (G916), Grade G,4.2
Smartgrade, S23 Plus 5G (G916), Fully Broken,0.8
Smartgrade, S23 5G (G911), Grade A,49.2
Smartgrade, S23 5G (G911), Grade B,45.2
Smartgrade, S23 5G (G911), Grade C,27.6
Smartgrade, S23 5G (G911), Grade D,18.0
Smartgrade, S23 5G (G911), Grade E,0
Smartgrade, S23 5G (G911), Grade F,0
Smartgrade, S23 5G (G911), Grade G,4.2
Smartgrade, S23 5G (G911), Fully Broken,0.8
Smartgrade, S22 Ultra 5G (G908), Grade A,100.7
Smartgrade, S22 Ultra 5G (G908), Grade B,101.7
Smartgrade, S22 Ultra 5G (G908), Grade C,66.1
Smartgrade, S22 Ultra 5G (G908), Grade D,42.9
Smartgrade, S22 Ultra 5G (G908), Grade E,14.8
Smartgrade, S22 Ultra 5G (G908), Grade F,7.1
Smartgrade, S22 Ultra 5G (G908), Grade G,4.2
Smartgrade, S22 Ultra 5G (G908), Fully Broken,0.8
Smartgrade, S22 Plus 5G (G906), Grade A,50.1
Smartgrade, S22 Plus 5G (G906), Grade B,45.7
Smartgrade, S22 Plus 5G (G906), Grade C,27.6
Smartgrade, S22 Plus 5G (G906), Grade D,15.6
Smartgrade, S22 Plus 5G (G906), Grade E,0
Smartgrade, S22 Plus 5G (G906), Grade F,0
Smartgrade, S22 Plus 5G (G906), Grade G,4.2
Smartgrade, S22 Plus 5G (G906), Fully Broken,0.1
Smartgrade, S22 5G (G901), Grade A,50.1
Smartgrade, S22 5G (G901), Grade B,45.7
Smartgrade, S22 5G (G901), Grade C,27.6
Smartgrade, S22 5G (G901), Grade D,15.6
Smartgrade, S22 5G (G901), Grade E,0
Smartgrade, S22 5G (G901), Grade F,0
Smartgrade, S22 5G (G901), Grade G,4.2
Smartgrade, S22 5G (G901), Fully Broken,0.1
Smartgrade, S21 Ultra 5G (G998), Grade A,79.9
Smartgrade, S21 Ultra 5G (G998), Grade B,79.9
Smartgrade, S21 Ultra 5G (G998), Grade C,51.7
Smartgrade, S21 Ultra 5G (G998), Grade D,31.6
Smartgrade, S21 Ultra 5G (G998), Grade E,14.8
Smartgrade, S21 Ultra 5G (G998), Grade F,7.1
Smartgrade, S21 Ultra 5G (G998), Grade G,4.2
Smartgrade, S21 Ultra 5G (G998), Fully Broken,0.1
Smartgrade, S21 Plus 5G (G996), Grade A,48.6
Smartgrade, S21 Plus 5G (G996), Grade B,44.2
Smartgrade, S21 Plus 5G (G996), Grade C,23.6
Smartgrade, S21 Plus 5G (G996), Grade D,14.8
Smartgrade, S21 Plus 5G (G996), Grade E,0
Smartgrade, S21 Plus 5G (G996), Grade F,0
Smartgrade, S21 Plus 5G (G996), Grade G,4.2
Smartgrade, S21 Plus 5G (G996), Fully Broken,0.1
Smartgrade, S21 FE 5G (G78), Grade A,40.1
Smartgrade, S21 FE 5G (G78), Grade B,38.2
Smartgrade, S21 FE 5G (G78), Grade C,21.2
Smartgrade, S21 FE 5G (G78), Grade D,13.2
Smartgrade, S21 FE 5G (G78), Grade E,0
Smartgrade, S21 FE 5G (G78), Grade F,0
Smartgrade, S21 FE 5G (G78), Grade G,4.2
Smartgrade, S21 FE 5G (G78), Fully Broken,0
Smartgrade, S21 5G (G991), Grade A,46.2
Smartgrade, S21 5G (G991), Grade B,42.0
Smartgrade, S21 5G (G991), Grade C,23.6
Smartgrade, S21 5G (G991), Grade D,14.8
Smartgrade, S21 5G (G991), Grade E,0
Smartgrade, S21 5G (G991), Grade F,0
Smartgrade, S21 5G (G991), Grade G,4.2
Smartgrade, S21 5G (G991), Fully Broken,0.1
Smartgrade, S20 Ultra 5G (G988), Grade A,71.8
Smartgrade, S20 Ultra 5G (G988), Grade B,70.0
Smartgrade, S20 Ultra 5G (G988), Grade C,40.5
Smartgrade, S20 Ultra 5G (G988), Grade D,21.6
Smartgrade, S20 Ultra 5G (G988), Grade E,14.8
Smartgrade, S20 Ultra 5G (G988), Grade F,7.1
Smartgrade, S20 Ultra 5G (G988), Grade G,4.2
Smartgrade, S20 Ultra 5G (G988), Fully Broken,0
Smartgrade, S20 Plus (G985), Grade A,51.4
Smartgrade, S20 Plus (G985), Grade B,48.1
Smartgrade, S20 Plus (G985), Grade C,31.6
Smartgrade, S20 Plus (G985), Grade D,18.8
Smartgrade, S20 Plus (G985), Grade E,14.8
Smartgrade, S20 Plus (G985), Grade F,7.1
Smartgrade, S20 Plus (G985), Grade G,4.2
Smartgrade, S20 Plus (G985), Fully Broken,0
Smartgrade, S20 FE 5G (G781) R8, Grade A,20.7
Smartgrade, S20 FE 5G (G781) R8, Grade B,13.9
Smartgrade, S20 FE 5G (G781) R8, Grade C,4.7
Smartgrade, S20 FE 5G (G781) R8, Grade D,2.3
Smartgrade, S20 FE 5G (G781) R8, Grade E,0
Smartgrade, S20 FE 5G (G781) R8, Grade F,0
Smartgrade, S20 FE 5G (G781) R8, Grade G,4.2
Smartgrade, S20 FE 5G (G781) R8, Fully Broken,0
Smartgrade, S20 FE 5G (G781), Grade A,27.8
Smartgrade, S20 FE 5G (G781), Grade B,25.2
Smartgrade, S20 FE 5G (G781), Grade C,11.8
Smartgrade, S20 FE 5G (G781), Grade D,8.9
Smartgrade, S20 FE 5G (G781), Grade E,0
Smartgrade, S20 FE 5G (G781), Grade F,0
Smartgrade, S20 FE 5G (G781), Grade G,4.2
Smartgrade, S20 FE 5G (G781), Fully Broken,0
Smartgrade, S20 5G (G981), Grade A,56.4
Smartgrade, S20 5G (G981), Grade B,55.1
Smartgrade, S20 5G (G981), Grade C,33.2
Smartgrade, S20 5G (G981), Grade D,15.6
Smartgrade, S20 5G (G981), Grade E,11.5
Smartgrade, S20 5G (G981), Grade F,6.6
Smartgrade, S20 5G (G981), Grade G,4.2
Smartgrade, S20 5G (G981), Fully Broken,0
Smartgrade, S10 Plus (G975), Grade A,67.3
Smartgrade, S10 Plus (G975), Grade B,63.0
Smartgrade, S10 Plus (G975), Grade C,38.0
Smartgrade, S10 Plus (G975), Grade D,29.2
Smartgrade, S10 Plus (G975), Grade E,14.8
Smartgrade, S10 Plus (G975), Grade F,7.1
Smartgrade, S10 Plus (G975), Grade G,4.2
Smartgrade, S10 Plus (G975), Fully Broken,0
Smartgrade, S10 Lite (G770), Grade A,28.4
Smartgrade, S10 Lite (G770), Grade B,26.3
Smartgrade, S10 Lite (G770), Grade C,14.8
Smartgrade, S10 Lite (G770), Grade D,10.7
Smartgrade, S10 Lite (G770), Grade E,0
Smartgrade, S10 Lite (G770), Grade F,0
Smartgrade, S10 Lite (G770), Grade G,2.5
Smartgrade, S10 Lite (G770), Fully Broken,0
Smartgrade, S10 5G (G977), Grade A,66.3
Smartgrade, S10 5G (G977), Grade B,65.0
Smartgrade, S10 5G (G977), Grade C,40.5
Smartgrade, S10 5G (G977), Grade D,32.4
Smartgrade, S10 5G (G977), Grade E,14.8
Smartgrade, S10 5G (G977), Grade F,7.1
Smartgrade, S10 5G (G977), Grade G,4.2
Smartgrade, S10 5G (G977), Fully Broken,0
Smartgrade, S10 (G973), Grade A,52.3
Smartgrade, S10 (G973), Grade B,50.1
Smartgrade, S10 (G973), Grade C,30.8
Smartgrade, S10 (G973), Grade D,23.6
Smartgrade, S10 (G973), Grade E,11.5
Smartgrade, S10 (G973), Grade F,6.6
Smartgrade, S10 (G973), Grade G,4.2
Smartgrade, S10 (G973), Fully Broken,0
Smartgrade, S10E (G970), Grade A,20.7
Smartgrade, S10E (G970), Grade B,17.4
Smartgrade, S10E (G970), Grade C,9.9
Smartgrade, S10E (G970), Grade D,5.9
Smartgrade, S10E (G970), Grade E,0
Smartgrade, S10E (G970), Grade F,0
Smartgrade, S10E (G970), Grade G,1.3
Smartgrade, S10E (G970), Fully Broken,0
Smartgrade, S9 Edge+ (G965), Grade A,38.3
Smartgrade, S9 Edge+ (G965), Grade B,34.2
Smartgrade, S9 Edge+ (G965), Grade C,18.0
Smartgrade, S9 Edge+ (G965), Grade D,10.6
Smartgrade, S9 Edge+ (G965), Grade E,11.0
Smartgrade, S9 Edge+ (G965), Grade F,5.5
Smartgrade, S9 Edge+ (G965), Grade G,3.7
Smartgrade, S9 Edge+ (G965), Fully Broken,0
Smartgrade, S9 Edge (G960), Grade A,25.7
Smartgrade, S9 Edge (G960), Grade B,22.3
Smartgrade, S9 Edge (G960), Grade C,11.0
Smartgrade, S9 Edge (G960), Grade D,6.6
Smartgrade, S9 Edge (G960), Grade E,4.4
Smartgrade, S9 Edge (G960), Grade F,2.2
Smartgrade, S9 Edge (G960), Grade G,3.7
Smartgrade, S9 Edge (G960), Fully Broken,0
Smartgrade, S8 Edge+ (G955), Grade A,38.3
Smartgrade, S8 Edge+ (G955), Grade B,33.7
Smartgrade, S8 Edge+ (G955), Grade C,20.4
Smartgrade, S8 Edge+ (G955), Grade D,14.8
Smartgrade, S8 Edge+ (G955), Grade E,11.0
Smartgrade, S8 Edge+ (G955), Grade F,5.5
Smartgrade, S8 Edge+ (G955), Grade G,9.0
Smartgrade, S8 Edge+ (G955), Fully Broken,0
Smartgrade, S8 Edge (G950), Grade A,25.7
Smartgrade, S8 Edge (G950), Grade B,22.3
Smartgrade, S8 Edge (G950), Grade C,12.3
Smartgrade, S8 Edge (G950), Grade D,8.3
Smartgrade, S8 Edge (G950), Grade E,4.4
Smartgrade, S8 Edge (G950), Grade F,2.2
Smartgrade, S8 Edge (G950), Grade G,3.7
Smartgrade, S8 Edge (G950), Fully Broken,0
Smartgrade, S7 Edge (G935), Grade A,17.6
Smartgrade, S7 Edge (G935), Grade B,14.4
Smartgrade, S7 Edge (G935), Grade C,8.3
Smartgrade, S7 Edge (G935), Grade D,3.8
Smartgrade, S7 Edge (G935), Grade E,4.4
Smartgrade, S7 Edge (G935), Grade F,2.2
Smartgrade, S7 Edge (G935), Grade G,3.7
Smartgrade, S7 Edge (G935), Fully Broken,0
Smartgrade, S7 (G930), Grade A,4.0
Smartgrade, S7 (G930), Grade B,2.5
Smartgrade, S7 (G930), Grade C,0.7
Smartgrade, S7 (G930), Grade D,0.1
Smartgrade, S7 (G930), Grade E,0
Smartgrade, S7 (G930), Grade F,0
Smartgrade, S7 (G930), Grade G,1.3
Smartgrade, S7 (G930), Fully Broken,0
Smartgrade, S6 Edge+ (G928), Grade A,8.7
Smartgrade, S6 Edge+ (G928), Grade B,6.3
Smartgrade, S6 Edge+ (G928), Grade C,3.3
Smartgrade, S6 Edge+ (G928), Grade D,1.7
Smartgrade, S6 Edge+ (G928), Grade E,0
Smartgrade, S6 Edge+ (G928), Grade F,0
Smartgrade, S6 Edge+ (G928), Grade G,2.5
Smartgrade, S6 Edge+ (G928), Fully Broken,0
Smartgrade, S6 Edge (G925), Grade A,8.5
Smartgrade, S6 Edge (G925), Grade B,4.5
Smartgrade, S6 Edge (G925), Grade C,1.9
Smartgrade, S6 Edge (G925), Grade D,1.1
Smartgrade, S6 Edge (G925), Grade E,0
Smartgrade, S6 Edge (G925), Grade F,0
Smartgrade, S6 Edge (G925), Grade G,2.5
Smartgrade, S6 Edge (G925), Fully Broken,0
Smartgrade, S6 (G920), Grade A,3.4
Smartgrade, S6 (G920), Grade B,1.6
Smartgrade, S6 (G920), Grade C,0.8
Smartgrade, S6 (G920), Grade D,0.4
Smartgrade, S6 (G920), Grade E,0
Smartgrade, S6 (G920), Grade F,0
Smartgrade, S6 (G920), Grade G,0.1
Smartgrade, S6 (G920), Fully Broken,0
Smartgrade, S5 (G900), Grade A,2.9
Smartgrade, S5 (G900), Grade B,1.1
Smartgrade, S5 (G900), Grade C,0.4
Smartgrade, S5 (G900), Grade D,0
Smartgrade, S5 (G900), Grade E,0
Smartgrade, S5 (G900), Grade F,0
Smartgrade, S5 (G900), Grade G,0.1
Smartgrade, S5 (G900), Fully Broken,0
Smartgrade, Note 20 Ultra 5G, Grade A,100.7
Smartgrade, Note 20 Ultra 5G, Grade B,100.8
Smartgrade, Note 20 Ultra 5G, Grade C,69.4
Smartgrade, Note 20 Ultra 5G, Grade D,51.7
Smartgrade, Note 20 Ultra 5G, Grade E,14.8
Smartgrade, Note 20 Ultra 5G, Grade F,7.1
Smartgrade, Note 20 Ultra 5G, Grade G,4.2
Smartgrade, Note 20 Ultra 5G, Fully Broken,0.8
Smartgrade, Note 20 5G, Grade A,42.0
Smartgrade, Note 20 5G, Grade B,41.2
Smartgrade, Note 20 5G, Grade C,25.2
Smartgrade, Note 20 5G, Grade D,17.2
Smartgrade, Note 20 5G, Grade E,0
Smartgrade, Note 20 5G, Grade F,0
Smartgrade, Note 20 5G, Grade G,4.2
Smartgrade, Note 20 5G, Fully Broken,0
Smartgrade, Note 10+, Grade A,85.3
Smartgrade, Note 10+, Grade B,83.9
Smartgrade, Note 10+, Grade C,55.7
Smartgrade, Note 10+, Grade D,39.6
Smartgrade, Note 10+, Grade E,14.8
Smartgrade, Note 10+, Grade F,7.1
Smartgrade, Note 10+, Grade G,4.2
Smartgrade, Note 10+, Fully Broken,0
Smartgrade, Note 10, Grade A,57.3
Smartgrade, Note 10, Grade B,55.1
Smartgrade, Note 10, Grade C,34.8
Smartgrade, Note 10, Grade D,25.2
Smartgrade, Note 10, Grade E,14.8
Smartgrade, Note 10, Grade F,7.1
Smartgrade, Note 10, Grade G,4.2
Smartgrade, Note 10, Fully Broken,0
Smartgrade, Note 10 Lite, Grade A,33.8
Smartgrade, Note 10 Lite, Grade B,29.3
Smartgrade, Note 10 Lite, Grade C,17.2
Smartgrade, Note 10 Lite, Grade D,13.2
Smartgrade, Note 10 Lite, Grade E,0
Smartgrade, Note 10 Lite, Grade F,0
Smartgrade, Note 10 Lite, Grade G,2.5
Smartgrade, Note 10 Lite, Fully Broken,0
Smartgrade, Note 9, Grade A,45.6
Smartgrade, Note 9, Grade B,41.2
Smartgrade, Note 9, Grade C,26.0
Smartgrade, Note 9, Grade D,19.6
Smartgrade, Note 9, Grade E,11.2
Smartgrade, Note 9, Grade F,7.3
Smartgrade, Note 9, Grade G,4.2
Smartgrade, Note 9, Fully Broken,0
Smartgrade, Note 8, Grade A,37.4
Smartgrade, Note 8, Grade B,33.3
Smartgrade, Note 8, Grade C,20.4
Smartgrade, Note 8, Grade D,15.6
Smartgrade, Note 8, Grade E,9.7
Smartgrade, Note 8, Grade F,5.7
Smartgrade, Note 8, Grade G,9.0
Smartgrade, Note 8, Fully Broken,0
Smartgrade, Note 5, Grade A,13.0
Smartgrade, Note 5, Grade B,10.0
Smartgrade, Note 5, Grade C,5.7
Smartgrade, Note 5, Grade D,2.8
Smartgrade, Note 5, Grade E,0
Smartgrade, Note 5, Grade F,0
Smartgrade, Note 5, Grade G,2.5
Smartgrade, Note 5, Fully Broken,0
Smartgrade, Note 4, Grade A,3.0
Smartgrade, Note 4, Grade B,1.4
Smartgrade, Note 4, Grade C,0.3
Smartgrade, Note 4, Grade D,0
Smartgrade, Note 4, Grade E,0
Smartgrade, Note 4, Grade F,0
Smartgrade, Note 4, Grade G,2.5
Smartgrade, Note 4, Fully Broken,0
Smartgrade, A9 2018 (A920), Grade A,20.3
Smartgrade, A9 2018 (A920), Grade B,17.6
Smartgrade, A9 2018 (A920), Grade C,8.7
Smartgrade, A9 2018 (A920), Grade D,4.9
Smartgrade, A9 2018 (A920), Grade E,0
Smartgrade, A9 2018 (A920), Grade F,0
Smartgrade, A9 2018 (A920), Grade G,2.5
Smartgrade, A9 2018 (A920), Fully Broken,0
Smartgrade, A90 5G (A908), Grade A,27.8
Smartgrade, A90 5G (A908), Grade B,24.5
Smartgrade, A90 5G (A908), Grade C,14.8
Smartgrade, A90 5G (A908), Grade D,9.3
Smartgrade, A90 5G (A908), Grade E,0
Smartgrade, A90 5G (A908), Grade F,0
Smartgrade, A90 5G (A908), Grade G,2.5
Smartgrade, A90 5G (A908), Fully Broken,0
Smartgrade, A9 2016 (A900), Grade A,25.3
Smartgrade, A9 2016 (A900), Grade B,23.8
Smartgrade, A9 2016 (A900), Grade C,15.1
Smartgrade, A9 2016 (A900), Grade D,8.0
Smartgrade, A9 2016 (A900), Grade E,0
Smartgrade, A9 2016 (A900), Grade F,0
Smartgrade, A9 2016 (A900), Grade G,2.5
Smartgrade, A9 2016 (A900), Fully Broken,0
Smartgrade, A80 (A805), Grade A,21.2
Smartgrade, A80 (A805), Grade B,19.4
Smartgrade, A80 (A805), Grade C,11.0
Smartgrade, A80 (A805), Grade D,8.0
Smartgrade, A80 (A805), Grade E,0
Smartgrade, A80 (A805), Grade F,0
Smartgrade, A80 (A805), Grade G,2.5
Smartgrade, A80 (A805), Fully Broken,0
Smartgrade, A8 (A800), Grade A,13.6
Smartgrade, A8 (A800), Grade B,10.8
Smartgrade, A8 (A800), Grade C,6.2
Smartgrade, A8 (A800), Grade D,3.7
Smartgrade, A8 (A800), Grade E,0
Smartgrade, A8 (A800), Grade F,0
Smartgrade, A8 (A800), Grade G,2.5
Smartgrade, A8 (A800), Fully Broken,0
Smartgrade, A7 2018 (A750), Grade A,14.9
Smartgrade, A7 2018 (A750), Grade B,10.9
Smartgrade, A7 2018 (A750), Grade C,5.4
Smartgrade, A7 2018 (A750), Grade D,2.8
Smartgrade, A7 2018 (A750), Grade E,0
Smartgrade, A7 2018 (A750), Grade F,0
Smartgrade, A7 2018 (A750), Grade G,2.5
Smartgrade, A7 2018 (A750), Fully Broken,0
Smartgrade, A8+ 2018 (A730), Grade A,14.9
Smartgrade, A8+ 2018 (A730), Grade B,11.9
Smartgrade, A8+ 2018 (A730), Grade C,6.4
Smartgrade, A8+ 2018 (A730), Grade D,3.0
Smartgrade, A8+ 2018 (A730), Grade E,0
Smartgrade, A8+ 2018 (A730), Grade F,0
Smartgrade, A8+ 2018 (A730), Grade G,2.5
Smartgrade, A8+ 2018 (A730), Fully Broken,0
Smartgrade, A7 2017 (A720), Grade A,14.9
Smartgrade, A7 2017 (A720), Grade B,11.9
Smartgrade, A7 2017 (A720), Grade C,6.4
Smartgrade, A7 2017 (A720), Grade D,3.0
Smartgrade, A7 2017 (A720), Grade E,0
Smartgrade, A7 2017 (A720), Grade F,0
Smartgrade, A7 2017 (A720), Grade G,2.5
Smartgrade, A7 2017 (A720), Fully Broken,0
Smartgrade, A7 2016 (A710), Grade A,13.1
Smartgrade, A7 2016 (A710), Grade B,11.4
Smartgrade, A7 2016 (A710), Grade C,5.8
Smartgrade, A7 2016 (A710), Grade D,2.4
Smartgrade, A7 2016 (A710), Grade E,0
Smartgrade, A7 2016 (A710), Grade F,0
Smartgrade, A7 2016 (A710), Grade G,2.5
Smartgrade, A7 2016 (A710), Fully Broken,0
Smartgrade, A7 2015 (A700), Grade A,2.9
Smartgrade, A7 2015 (A700), Grade B,1.6
Smartgrade, A7 2015 (A700), Grade C,0.4
Smartgrade, A7 2015 (A700), Grade D,0
Smartgrade, A7 2015 (A700), Grade E,0
Smartgrade, A7 2015 (A700), Grade F,0
Smartgrade, A7 2015 (A700), Grade G,0.7
Smartgrade, A7 2015 (A700), Fully Broken,0
Smartgrade, A72 (A725), Grade A,23.7
Smartgrade, A72 (A725), Grade B,20.4
Smartgrade, A72 (A725), Grade C,13.3
Smartgrade, A72 (A725), Grade D,9.5
Smartgrade, A72 (A725), Grade E,0
Smartgrade, A72 (A725), Grade F,0
Smartgrade, A72 (A725), Grade G,2.5
Smartgrade, A72 (A725), Fully Broken,0
Smartgrade, A71 5G (A716), Grade A,20.3
Smartgrade, A71 5G (A716), Grade B,17.4
Smartgrade, A71 5G (A716), Grade C,9.9
Smartgrade, A71 5G (A716), Grade D,6.7
Smartgrade, A71 5G (A716), Grade E,0
Smartgrade, A71 5G (A716), Grade F,0
Smartgrade, A71 5G (A716), Grade G,2.5
Smartgrade, A71 5G (A716), Fully Broken,0
Smartgrade, A71 (A715), Grade A,20.3
Smartgrade, A71 (A715), Grade B,17.4
Smartgrade, A71 (A715), Grade C,9.1
Smartgrade, A71 (A715), Grade D,5.9
Smartgrade, A71 (A715), Grade E,0
Smartgrade, A71 (A715), Grade F,0
Smartgrade, A71 (A715), Grade G,2.5
Smartgrade, A71 (A715), Fully Broken,0
Smartgrade, A70 (A705), Grade A,20.3
Smartgrade, A70 (A705), Grade B,18.4
Smartgrade, A70 (A705), Grade C,9.1
Smartgrade, A70 (A705), Grade D,5.9
Smartgrade, A70 (A705), Grade E,0
Smartgrade, A70 (A705), Grade F,0
Smartgrade, A70 (A705), Grade G,2.5
Smartgrade, A70 (A705), Fully Broken,0
Smartgrade, A6+ 2018 (A605), Grade A,13.3
Smartgrade, A6+ 2018 (A605), Grade B,10.9
Smartgrade, A6+ 2018 (A605), Grade C,5.7
Smartgrade, A6+ 2018 (A605), Grade D,3.3
Smartgrade, A6+ 2018 (A605), Grade E,0
Smartgrade, A6+ 2018 (A605), Grade F,0
Smartgrade, A6+ 2018 (A605), Grade G,2.5
Smartgrade, A6+ 2018 (A605), Fully Broken,0
Smartgrade, A6 (A600), Grade A,12.9
Smartgrade, A6 (A600), Grade B,10.3
Smartgrade, A6 (A600), Grade C,5.8
Smartgrade, A6 (A600), Grade D,2.6
Smartgrade, A6 (A600), Grade E,0
Smartgrade, A6 (A600), Grade F,0
Smartgrade, A6 (A600), Grade G,2.5
Smartgrade, A6 (A600), Fully Broken,0
Smartgrade, A8 2018 (A530), Grade A,11.4
Smartgrade, A8 2018 (A530), Grade B,8.1
Smartgrade, A8 2018 (A530), Grade C,3.0
Smartgrade, A8 2018 (A530), Grade D,1.4
Smartgrade, A8 2018 (A530), Grade E,0
Smartgrade, A8 2018 (A530), Grade F,0
Smartgrade, A8 2018 (A530), Grade G,2.5
Smartgrade, A8 2018 (A530), Fully Broken,0
Smartgrade, A5 2017 (A520), Grade A,11.8
Smartgrade, A5 2017 (A520), Grade B,9.1
Smartgrade, A5 2017 (A520), Grade C,3.8
Smartgrade, A5 2017 (A520), Grade D,2.5
Smartgrade, A5 2017 (A520), Grade E,0
Smartgrade, A5 2017 (A520), Grade F,0
Smartgrade, A5 2017 (A520), Grade G,2.5
Smartgrade, A5 2017 (A520), Fully Broken,0
Smartgrade, A52S 5G (A528), Grade A,24.9
Smartgrade, A52S 5G (A528), Grade B,23.2
Smartgrade, A52S 5G (A528), Grade C,14.4
Smartgrade, A52S 5G (A528), Grade D,9.4
Smartgrade, A52S 5G (A528), Grade E,0
Smartgrade, A52S 5G (A528), Grade F,0
Smartgrade, A52S 5G (A528), Grade G,2.5
Smartgrade, A52S 5G (A528), Fully Broken,0
Smartgrade, A33 5G (A336), Grade A,20.0
Smartgrade, A33 5G (A336), Grade B,17.9
Smartgrade, A33 5G (A336), Grade C,11.9
Smartgrade, A33 5G (A336), Grade D,9.4
Smartgrade, A33 5G (A336), Grade E,0
Smartgrade, A33 5G (A336), Grade F,0
Smartgrade, A33 5G (A336), Grade G,2.5
Smartgrade, A33 5G (A336), Fully Broken,0
Smartgrade, A53 5G (A536), Grade A,16.7
Smartgrade, A53 5G (A536), Grade B,12.3
Smartgrade, A53 5G (A536), Grade C,6.1
Smartgrade, A53 5G (A536), Grade D,4.4
Smartgrade, A53 5G (A536), Grade E,0
Smartgrade, A53 5G (A536), Grade F,0
Smartgrade, A53 5G (A536), Grade G,2.5
Smartgrade, A53 5G (A536), Fully Broken,0
Smartgrade, A52 5G (A526), Grade A,25.6
Smartgrade, A52 5G (A526), Grade B,24.0
Smartgrade, A52 5G (A526), Grade C,16.0
Smartgrade, A52 5G (A526), Grade D,11.9
Smartgrade, A52 5G (A526), Grade E,0
Smartgrade, A52 5G (A526), Grade F,0
Smartgrade, A52 5G (A526), Grade G,2.5
Smartgrade, A52 5G (A526), Fully Broken,0
Smartgrade, A52 (A525), Grade A,24.3
Smartgrade, A52 (A525), Grade B,22.3
Smartgrade, A52 (A525), Grade C,13.3
Smartgrade, A52 (A525), Grade D,8.7
Smartgrade, A52 (A525), Grade E,0
Smartgrade, A52 (A525), Grade F,0
Smartgrade, A52 (A525), Grade G,2.5
Smartgrade, A52 (A525), Fully Broken,0
Smartgrade, A51 (A515), Grade A,16.8
Smartgrade, A51 (A515), Grade B,13.8
Smartgrade, A51 (A515), Grade C,8.0
Smartgrade, A51 (A515), Grade D,4.5
Smartgrade, A51 (A515), Grade E,0
Smartgrade, A51 (A515), Grade F,0
Smartgrade, A51 (A515), Grade G,2.5
Smartgrade, A51 (A515), Fully Broken,0
Smartgrade, A5 2016 (A510), Grade A,9.9
Smartgrade, A5 2016 (A510), Grade B,7.8
Smartgrade, A5 2016 (A510), Grade C,4.5
Smartgrade, A5 2016 (A510), Grade D,3.3
Smartgrade, A5 2016 (A510), Grade E,0
Smartgrade, A5 2016 (A510), Grade F,0
Smartgrade, A5 2016 (A510), Grade G,2.5
Smartgrade, A5 2016 (A510), Fully Broken,0
Smartgrade, A5 (A500), Grade A,3.9
Smartgrade, A5 (A500), Grade B,2.7
Smartgrade, A5 (A500), Grade C,0.8
Smartgrade, A5 (A500), Grade D,0.2
Smartgrade, A5 (A500), Grade E,0
Smartgrade, A5 (A500), Grade F,0
Smartgrade, A5 (A500), Grade G,1.3
Smartgrade, A5 (A500), Fully Broken,0
Smartgrade, A51 5G (A516), Grade A,15.8
Smartgrade, A51 5G (A516), Grade B,13.4
Smartgrade, A51 5G (A516), Grade C,8.3
Smartgrade, A51 5G (A516), Grade D,5.1
Smartgrade, A51 5G (A516), Grade E,0
Smartgrade, A51 5G (A516), Grade F,0
Smartgrade, A51 5G (A516), Grade G,2.5
Smartgrade, A51 5G (A516), Fully Broken,0
Smartgrade, A50S (A507), Grade A,13.5
Smartgrade, A50S (A507), Grade B,10.8
Smartgrade, A50S (A507), Grade C,5.3
Smartgrade, A50S (A507), Grade D,2.8
Smartgrade, A50S (A507), Grade E,0
Smartgrade, A50S (A507), Grade F,0
Smartgrade, A50S (A507), Grade G,2.5
Smartgrade, A50S (A507), Fully Broken,0
Smartgrade, A50 (A505), Grade A,14.9
Smartgrade, A50 (A505), Grade B,11.4
Smartgrade, A50 (A505), Grade C,7.3
Smartgrade, A50 (A505), Grade D,5.5
Smartgrade, A50 (A505), Grade E,0
Smartgrade, A50 (A505), Grade F,0
Smartgrade, A50 (A505), Grade G,2.5
Smartgrade, A50 (A505), Fully Broken,0
Smartgrade, A41 (A415), Grade A,9.8
Smartgrade, A41 (A415), Grade B,6.7
Smartgrade, A41 (A415), Grade C,3.3
Smartgrade, A41 (A415), Grade D,1.6
Smartgrade, A41 (A415), Grade E,0
Smartgrade, A41 (A415), Grade F,0
Smartgrade, A41 (A415), Grade G,2.5
Smartgrade, A41 (A415), Fully Broken,0
Smartgrade, A42 5G (A426), Grade A,14.0
Smartgrade, A42 5G (A426), Grade B,11.4
Smartgrade, A42 5G (A426), Grade C,6.7
Smartgrade, A42 5G (A426), Grade D,3.5
Smartgrade, A42 5G (A426), Grade E,0
Smartgrade, A42 5G (A426), Grade F,0
Smartgrade, A42 5G (A426), Grade G,2.5
Smartgrade, A42 5G (A426), Fully Broken,0
Smartgrade, A40 (A405), Grade A,15.8
Smartgrade, A40 (A405), Grade B,12.4
Smartgrade, A40 (A405), Grade C,5.6
Smartgrade, A40 (A405), Grade D,4.1
Smartgrade, A40 (A405), Grade E,0
Smartgrade, A40 (A405), Grade F,0
Smartgrade, A40 (A405), Grade G,2.5
Smartgrade, A40 (A405), Fully Broken,0
Smartgrade, A3 2017 (A320), Grade A,3.0
Smartgrade, A3 2017 (A320), Grade B,1.9
Smartgrade, A3 2017 (A320), Grade C,0.3
Smartgrade, A3 2017 (A320), Grade D,0
Smartgrade, A3 2017 (A320), Grade E,0
Smartgrade, A3 2017 (A320), Grade F,0
Smartgrade, A3 2017 (A320), Grade G,1.3
Smartgrade, A3 2017 (A320), Fully Broken,0
Smartgrade, A31 (A315), Grade A,20.3
Smartgrade, A31 (A315), Grade B,18.0
Smartgrade, A31 (A315), Grade C,10.3
Smartgrade, A31 (A315), Grade D,8.0
Smartgrade, A31 (A315), Grade E,0
Smartgrade, A31 (A315), Grade F,0
Smartgrade, A31 (A315), Grade G,2.5
Smartgrade, A31 (A315), Fully Broken,0
Smartgrade, A3 2016 (A310), Grade A,8.2
Smartgrade, A3 2016 (A310), Grade B,5.7
Smartgrade, A3 2016 (A310), Grade C,2.6
Smartgrade, A3 2016 (A310), Grade D,1.4
Smartgrade, A3 2016 (A310), Grade E,0
Smartgrade, A3 2016 (A310), Grade F,0
Smartgrade, A3 2016 (A310), Grade G,2.5
Smartgrade, A3 2016 (A310), Fully Broken,0
Smartgrade, A32 (A325), Grade A,20.3
Smartgrade, A32 (A325), Grade B,17.4
Smartgrade, A32 (A325), Grade C,9.1
Smartgrade, A32 (A325), Grade D,5.1
Smartgrade, A32 (A325), Grade E,0
Smartgrade, A32 (A325), Grade F,0
Smartgrade, A32 (A325), Grade G,2.5
Smartgrade, A32 (A325), Fully Broken,0
Smartgrade, A30S (A307), Grade A,13.1
Smartgrade, A30S (A307), Grade B,10.4
Smartgrade, A30S (A307), Grade C,5.4
Smartgrade, A30S (A307), Grade D,3.7
Smartgrade, A30S (A307), Grade E,0
Smartgrade, A30S (A307), Grade F,0
Smartgrade, A30S (A307), Grade G,2.5
Smartgrade, A30S (A307), Fully Broken,0
Smartgrade, A30 (A305), Grade A,13.9
Smartgrade, A30 (A305), Grade B,11.3
Smartgrade, A30 (A305), Grade C,7.0
Smartgrade, A30 (A305), Grade D,3.7
Smartgrade, A30 (A305), Grade E,0
Smartgrade, A30 (A305), Grade F,0
Smartgrade, A30 (A305), Grade G,2.5
Smartgrade, A30 (A305), Fully Broken,0
Smartgrade, A20 (A205), Grade A,8.2
Smartgrade, A20 (A205), Grade B,5.7
Smartgrade, A20 (A205), Grade C,2.2
Smartgrade, A20 (A205), Grade D,1.0
Smartgrade, A20 (A205), Grade E,0
Smartgrade, A20 (A205), Grade F,0
Smartgrade, A20 (A205), Grade G,2.5
Smartgrade, A20 (A205), Fully Broken,0
Smartgrade, A22 4G (A225), Grade A,23.0
Smartgrade, A22 4G (A225), Grade B,21.2
Smartgrade, A22 4G (A225), Grade C,14.6
Smartgrade, A22 4G (A225), Grade D,9.5
Smartgrade, A22 4G (A225), Grade E,0
Smartgrade, A22 4G (A225), Grade F,0
Smartgrade, A22 4G (A225), Grade G,2.5
Smartgrade, A22 4G (A225), Fully Broken,0
Smartgrade, J8 (J810), Grade A,13.3
Smartgrade, J8 (J810), Grade B,10.9
Smartgrade, J8 (J810), Grade C,5.7
Smartgrade, J8 (J810), Grade D,3.3
Smartgrade, J8 (J810), Grade E,0
Smartgrade, J8 (J810), Grade F,0
Smartgrade, J8 (J810), Grade G,2.5
Smartgrade, J8 (J810), Fully Broken,0
Smartgrade, J8+ (J805), Grade A,13.3
Smartgrade, J8+ (J805), Grade B,10.9
Smartgrade, J8+ (J805), Grade C,5.7
Smartgrade, J8+ (J805), Grade D,3.3
Smartgrade, J8+ (J805), Grade E,0
Smartgrade, J8+ (J805), Grade F,0
Smartgrade, J8+ (J805), Grade G,2.5
Smartgrade, J8+ (J805), Fully Broken,0
Smartgrade, J800 2018, Grade A,12.9
Smartgrade, J800 2018, Grade B,10.3
Smartgrade, J800 2018, Grade C,5.8
Smartgrade, J800 2018, Grade D,2.6
Smartgrade, J800 2018, Grade E,0
Smartgrade, J800 2018, Grade F,0
Smartgrade, J800 2018, Grade G,2.5
Smartgrade, J800 2018, Fully Broken,0
Smartgrade, J7 2017 (J730), Grade A,12.5
Smartgrade, J7 2017 (J730), Grade B,9.7
Smartgrade, J7 2017 (J730), Grade C,5.3
Smartgrade, J7 2017 (J730), Grade D,2.0
Smartgrade, J7 2017 (J730), Grade E,0
Smartgrade, J7 2017 (J730), Grade F,0
Smartgrade, J7 2017 (J730), Grade G,2.5
Smartgrade, J7 2017 (J730), Fully Broken,0
Smartgrade, J7 Duo (J720), Grade A,5.6
Smartgrade, J7 Duo (J720), Grade B,3.3
Smartgrade, J7 Duo (J720), Grade C,1.8
Smartgrade, J7 Duo (J720), Grade D,0.2
Smartgrade, J7 Duo (J720), Grade E,0
Smartgrade, J7 Duo (J720), Grade F,0
Smartgrade, J7 Duo (J720), Grade G,2.5
Smartgrade, J7 Duo (J720), Fully Broken,0
Smartgrade, J7 2018 (J710), Grade A,9.8
Smartgrade, J7 2018 (J710), Grade B,6.7
Smartgrade, J7 2018 (J710), Grade C,3.3
Smartgrade, J7 2018 (J710), Grade D,2.7
Smartgrade, J7 2018 (J710), Grade E,0
Smartgrade, J7 2018 (J710), Grade F,0
Smartgrade, J7 2018 (J710), Grade G,2.5
Smartgrade, J7 2018 (J710), Fully Broken,0
Smartgrade, J7 (J701), Grade A,6.4
Smartgrade, J7 (J701), Grade B,4.2
Smartgrade, J7 (J701), Grade C,1.2
Smartgrade, J7 (J701), Grade D,0.3
Smartgrade, J7 (J701), Grade E,0
Smartgrade, J7 (J701), Grade F,0
Smartgrade, J7 (J701), Grade G,2.5
Smartgrade, J7 (J701), Fully Broken,0
Smartgrade, J7 (J700), Grade A,9.0
Smartgrade, J7 (J700), Grade B,6.2
Smartgrade, J7 (J700), Grade C,3.0
Smartgrade, J7 (J700), Grade D,1.0
Smartgrade, J7 (J700), Grade E,0
Smartgrade, J7 (J700), Grade F,0
Smartgrade, J7 (J700), Grade G,2.5
Smartgrade, J7 (J700), Fully Broken,0
Smartgrade, J5 2017 (J530), Grade A,6.4
Smartgrade, J5 2017 (J530), Grade B,4.7
Smartgrade, J5 2017 (J530), Grade C,2.2
Smartgrade, J5 2017 (J530), Grade D,1.0
Smartgrade, J5 2017 (J530), Grade E,0
Smartgrade, J5 2017 (J530), Grade F,0
Smartgrade, J5 2017 (J530), Grade G,2.5
Smartgrade, J5 2017 (J530), Fully Broken,0
Smartgrade, J5 2016 (J510), Grade A,6.4
Smartgrade, J5 2016 (J510), Grade B,4.7
Smartgrade, J5 2016 (J510), Grade C,2.2
Smartgrade, J5 2016 (J510), Grade D,1.0
Smartgrade, J5 2016 (J510), Grade E,0
Smartgrade, J5 2016 (J510), Grade F,0
Smartgrade, J5 2016 (J510), Grade G,2.5
Smartgrade, J5 2016 (J510), Fully Broken,0
Smartgrade, J5 (J500), Grade A,3.0
Smartgrade, J5 (J500), Grade B,1.4
Smartgrade, J5 (J500), Grade C,0.3
Smartgrade, J5 (J500), Grade D,0
Smartgrade, J5 (J500), Grade E,0
Smartgrade, J5 (J500), Grade F,0
Smartgrade, J5 (J500), Grade G,2.5
Smartgrade, J5 (J500), Fully Broken,0
Smartgrade, J4 (J400), Grade A,6.6
Smartgrade, J4 (J400), Grade B,4.4
Smartgrade, J4 (J400), Grade C,1.8
Smartgrade, J4 (J400), Grade D,0.2
Smartgrade, J4 (J400), Grade E,0
Smartgrade, J4 (J400), Grade F,0
Smartgrade, J4 (J400), Grade G,2.5
Smartgrade, J4 (J400), Fully Broken,0
Smartgrade, J3 Pro (J320), Grade A,3.0
Smartgrade, J3 Pro (J320), Grade B,1.4
Smartgrade, J3 Pro (J320), Grade C,0.3
Smartgrade, J3 Pro (J320), Grade D,0
Smartgrade, J3 Pro (J320), Grade E,0
Smartgrade, J3 Pro (J320), Grade F,0
Smartgrade, J3 Pro (J320), Grade G,1.3
Smartgrade, J3 Pro (J320), Fully Broken,0
Smartgrade, J2 Pro (J250), Grade A,7.5
Smartgrade, J2 Pro (J250), Grade B,5.3
Smartgrade, J2 Pro (J250), Grade C,2.6
Smartgrade, J2 Pro (J250), Grade D,1.0
Smartgrade, J2 Pro (J250), Grade E,0
Smartgrade, J2 Pro (J250), Grade F,0
Smartgrade, J2 Pro (J250), Grade G,2.5
Smartgrade, J2 Pro (J250), Fully Broken,0
Smartgrade, J2 (J200), Grade A,10.1
Smartgrade, J2 (J200), Grade B,7.2
Smartgrade, J2 (J200), Grade C,4.0
Smartgrade, J2 (J200), Grade D,2.4
Smartgrade, J2 (J200), Grade E,0
Smartgrade, J2 (J200), Grade F,0
Smartgrade, J2 (J200), Grade G,2.5
Smartgrade, J2 (J200), Fully Broken,0
Smartgrade, J1 Ace (J110), Grade A,5.1
Smartgrade, J1 Ace (J110), Grade B,3.7
Smartgrade, J1 Ace (J110), Grade C,1.0
Smartgrade, J1 Ace (J110), Grade D,0.3
Smartgrade, J1 Ace (J110), Grade E,0
Smartgrade, J1 Ace (J110), Grade F,0
Smartgrade, J1 Ace (J110), Grade G,2.5
Smartgrade, J1 Ace (J110), Fully Broken,0
Smartgrade, C9 Pro (C900), Grade A,24.6
Smartgrade, C9 Pro (C900), Grade B,21.0
Smartgrade, C9 Pro (C900), Grade C,13.6
Smartgrade, C9 Pro (C900), Grade D,10.3
Smartgrade, C9 Pro (C900), Grade E,0
Smartgrade, C9 Pro (C900), Grade F,0
Smartgrade, C9 Pro (C900), Grade G,2.5
Smartgrade, C9 Pro (C900), Fully Broken,0
Smartgrade, C7 (C700), Grade A,17.0
Smartgrade, C7 (C700), Grade B,15.8
Smartgrade, C7 (C700), Grade C,9.6
Smartgrade, C7 (C700), Grade D,7.3
Smartgrade, C7 (C700), Grade E,0
Smartgrade, C7 (C700), Grade F,0
Smartgrade, C7 (C700), Grade G,2.5
Smartgrade, C7 (C700), Fully Broken,0
Smartgrade, M536, Grade A,28.9
Smartgrade, M536, Grade B,28.8
Smartgrade, M536, Grade C,15.3
Smartgrade, M536, Grade D,7.4
Smartgrade, M536, Grade E,0
Smartgrade, M536, Grade F,0
Smartgrade, M536, Grade G,2.5
Smartgrade, M536, Fully Broken,0
Smartgrade, M52 5G (M535), Grade A,27.4
Smartgrade, M52 5G (M535), Grade B,26.1
Smartgrade, M52 5G (M535), Grade C,16.9
Smartgrade, M52 5G (M535), Grade D,12.7
Smartgrade, M52 5G (M535), Grade E,0
Smartgrade, M52 5G (M535), Grade F,0
Smartgrade, M52 5G (M535), Grade G,2.5
Smartgrade, M52 5G (M535), Fully Broken,0
Smartgrade, M52 (M526), Grade A,28.5
Smartgrade, M52 (M526), Grade B,27.1
Smartgrade, M52 (M526), Grade C,18.4
Smartgrade, M52 (M526), Grade D,12.4
Smartgrade, M52 (M526), Grade E,0
Smartgrade, M52 (M526), Grade F,0
Smartgrade, M52 (M526), Grade G,2.5
Smartgrade, M52 (M526), Fully Broken,0
Smartgrade, M51 (M515), Grade A,20.0
Smartgrade, M51 (M515), Grade B,18.9
Smartgrade, M51 (M515), Grade C,11.9
Smartgrade, M51 (M515), Grade D,9.4
Smartgrade, M51 (M515), Grade E,0
Smartgrade, M51 (M515), Grade F,0
Smartgrade, M51 (M515), Grade G,2.5
Smartgrade, M51 (M515), Fully Broken,0
Smartgrade, M32 (M325), Grade A,16.3
Smartgrade, M32 (M325), Grade B,14.8
Smartgrade, M32 (M325), Grade C,9.4
Smartgrade, M32 (M325), Grade D,6.1
Smartgrade, M32 (M325), Grade E,0
Smartgrade, M32 (M325), Grade F,0
Smartgrade, M32 (M325), Grade G,2.5
Smartgrade, M32 (M325), Fully Broken,0
Smartgrade, M30S (M307), Grade A,13.0
Smartgrade, M30S (M307), Grade B,11.0
Smartgrade, M30S (M307), Grade C,7.1
Smartgrade, M30S (M307), Grade D,5.0
Smartgrade, M30S (M307), Grade E,0
Smartgrade, M30S (M307), Grade F,0
Smartgrade, M30S (M307), Grade G,2.5
Smartgrade, M30S (M307), Fully Broken,0
Smartgrade, M31 (M315), Grade A,13.0
Smartgrade, M31 (M315), Grade B,11.0
Smartgrade, M31 (M315), Grade C,7.1
Smartgrade, M31 (M315), Grade D,5.0
Smartgrade, M31 (M315), Grade E,0
Smartgrade, M31 (M315), Grade F,0
Smartgrade, M31 (M315), Grade G,2.5
Smartgrade, M31 (M315), Fully Broken,0
Smartgrade, M31S (M317), Grade A,22.4
Smartgrade, M31S (M317), Grade B,19.9
Smartgrade, M31S (M317), Grade C,10.6
Smartgrade, M31S (M317), Grade D,7.9
Smartgrade, M31S (M317), Grade E,0
Smartgrade, M31S (M317), Grade F,0
Smartgrade, M31S (M317), Grade G,2.5
Smartgrade, M31S (M317), Fully Broken,0
Smartgrade, M22, Grade A,14.0
Smartgrade, M22, Grade B,12.4
Smartgrade, M22, Grade C,8.3
Smartgrade, M22, Grade D,5.9
Smartgrade, M22, Grade E,0
Smartgrade, M22, Grade F,0
Smartgrade, M22, Grade G,2.5
Smartgrade, M22, Fully Broken,0
Smartgrade, M21S (F415), Grade A,13.3
Smartgrade, M21S (F415), Grade B,11.0
Smartgrade, M21S (F415), Grade C,6.2
Smartgrade, M21S (F415), Grade D,4.5
Smartgrade, M21S (F415), Grade E,0
Smartgrade, M21S (F415), Grade F,0
Smartgrade, M21S (F415), Grade G,2.5
Smartgrade, M21S (F415), Fully Broken,0
Smartgrade, iPhone 14 Pro Max, Grade A,154.2
Smartgrade, iPhone 14 Pro Max, Grade B,118.9
Smartgrade, iPhone 14 Pro Max, Grade C,78.6
Smartgrade, iPhone 14 Pro Max, Grade D,66.1
Smartgrade, iPhone 14 Pro Max, Grade G,99.5
Smartgrade, iPhone 14 Pro Max, Aftermarket,0
Smartgrade, iPhone 14 Pro Max, Fully Broken,4.4
Smartgrade, iPhone 14 Pro, Grade A,126.9
Smartgrade, iPhone 14 Pro, Grade B,110.0
Smartgrade, iPhone 14 Pro, Grade C,78.6
Smartgrade, iPhone 14 Pro, Grade D,62.0
Smartgrade, iPhone 14 Pro, Grade G,87.0
Smartgrade, iPhone 14 Pro, Aftermarket,0
Smartgrade, iPhone 14 Pro, Fully Broken,4.4
Smartgrade, iPhone 14 Plus, Grade A,70.6
Smartgrade, iPhone 14 Plus, Grade B,55.2
Smartgrade, iPhone 14 Plus, Grade C,40.3
Smartgrade, iPhone 14 Plus, Grade D,16.2
Smartgrade, iPhone 14 Plus, Grade G,20.3
Smartgrade, iPhone 14 Plus, Aftermarket,0
Smartgrade, iPhone 14 Plus, Fully Broken,4.4
Smartgrade, iPhone 14, Grade A,69.6
Smartgrade, iPhone 14, Grade B,55.2
Smartgrade, iPhone 14, Grade C,40.3
Smartgrade, iPhone 14, Grade D,16.2
Smartgrade, iPhone 14, Grade G,16.2
Smartgrade, iPhone 14, Aftermarket,0
Smartgrade, iPhone 14, Fully Broken,4.4
Smartgrade, iPhone 13 Pro Max, Grade A,140.6
Smartgrade, iPhone 13 Pro Max, Grade B,114.5
Smartgrade, iPhone 13 Pro Max, Grade C,76.1
Smartgrade, iPhone 13 Pro Max, Grade D,41.2
Smartgrade, iPhone 13 Pro Max, Grade G,49.5
Smartgrade, iPhone 13 Pro Max, Aftermarket,8.1
Smartgrade, iPhone 13 Pro Max, Fully Broken,3.3
Smartgrade, iPhone 13 Pro, Grade A,122.4
Smartgrade, iPhone 13 Pro, Grade B,101.2
Smartgrade, iPhone 13 Pro, Grade C,73.6
Smartgrade, iPhone 13 Pro, Grade D,32.8
Smartgrade, iPhone 13 Pro, Grade G,24.5
Smartgrade, iPhone 13 Pro, Aftermarket,7.2
Smartgrade, iPhone 13 Pro, Fully Broken,3.3
Smartgrade, iPhone 13, Grade A,48.4
Smartgrade, iPhone 13, Grade B,41.1
Smartgrade, iPhone 13, Grade C,31.2
Smartgrade, iPhone 13, Grade D,15.3
Smartgrade, iPhone 13, Grade G,16.2
Smartgrade, iPhone 13, Aftermarket,4.6
Smartgrade, iPhone 13, Fully Broken,3.3
Smartgrade, iPhone 13 Mini, Grade A,57.6
Smartgrade, iPhone 13 Mini, Grade B,44.6
Smartgrade, iPhone 13 Mini, Grade C,34.5
Smartgrade, iPhone 13 Mini, Grade D,15.3
Smartgrade, iPhone 13 Mini, Grade G,16.2
Smartgrade, iPhone 13 Mini, Aftermarket,4.6
Smartgrade, iPhone 13 Mini, Fully Broken,3.3
Smartgrade, iPhone 12 Pro Max, Grade A,64.1
Smartgrade, iPhone 12 Pro Max, Grade B,52.6
Smartgrade, iPhone 12 Pro Max, Grade C,34.5
Smartgrade, iPhone 12 Pro Max, Grade D,16.2
Smartgrade, iPhone 12 Pro Max, Grade G,17.8
Smartgrade, iPhone 12 Pro Max, Aftermarket,2.5
Smartgrade, iPhone 12 Pro Max, Fully Broken,0.8
Smartgrade, iPhone 12 Pro, Grade A,27.3
Smartgrade, iPhone 12 Pro, Grade B,21.9
Smartgrade, iPhone 12 Pro, Grade C,12.8
Smartgrade, iPhone 12 Pro, Grade D,5.6
Smartgrade, iPhone 12 Pro, Grade G,17.8
Smartgrade, iPhone 12 Pro, Aftermarket,1.9
Smartgrade, iPhone 12 Pro, Fully Broken,0.8
Smartgrade, iPhone 12 Mini, Grade A,41.0
Smartgrade, iPhone 12 Mini, Grade B,32.7
Smartgrade, iPhone 12 Mini, Grade C,12.8
Smartgrade, iPhone 12 Mini, Grade D,5.6
Smartgrade, iPhone 12 Mini, Grade G,16.2
Smartgrade, iPhone 12 Mini, Aftermarket,2.5
Smartgrade, iPhone 12 Mini, Fully Broken,0.8
Smartgrade, iPhone 12, Grade A,27.3
Smartgrade, iPhone 12, Grade B,21.9
Smartgrade, iPhone 12, Grade C,12.8
Smartgrade, iPhone 12, Grade D,5.6
Smartgrade, iPhone 12, Grade G,17.8
Smartgrade, iPhone 12, Aftermarket,1.9
Smartgrade, iPhone 12, Fully Broken,0.8
Smartgrade, iPhone 11 Pro Max, Grade A,24.6
Smartgrade, iPhone 11 Pro Max, Grade B,14.8
Smartgrade, iPhone 11 Pro Max, Grade C,7.8
Smartgrade, iPhone 11 Pro Max, Grade D,3.7
Smartgrade, iPhone 11 Pro Max, Grade G,14.3
Smartgrade, iPhone 11 Pro Max, Aftermarket,1.9
Smartgrade, iPhone 11 Pro Max, Fully Broken,0
Smartgrade, iPhone 11 Pro, Grade A,17.4
Smartgrade, iPhone 11 Pro, Grade B,10.3
Smartgrade, iPhone 11 Pro, Grade C,5.7
Smartgrade, iPhone 11 Pro, Grade D,2.8
Smartgrade, iPhone 11 Pro, Grade G,8.4
Smartgrade, iPhone 11 Pro, Aftermarket,0
Smartgrade, iPhone 11 Pro, Fully Broken,0
Smartgrade, iPhone 11, Grade A,6.7
Smartgrade, iPhone 11, Grade B,6.7
Smartgrade, iPhone 11, Grade C,1.6
Smartgrade, iPhone 11, Grade D,0.3
Smartgrade, iPhone 11, Grade G,1.4
Smartgrade, iPhone 11, Aftermarket,0
Smartgrade, iPhone 11, Fully Broken,0
Smartgrade, iPhone XS Max, Grade A,33.6
Smartgrade, iPhone XS Max, Grade B,21.0
Smartgrade, iPhone XS Max, Grade C,11.2
Smartgrade, iPhone XS Max, Grade D,4.1
Smartgrade, iPhone XS Max, Grade G,20.3
Smartgrade, iPhone XS Max, Aftermarket,1.3
Smartgrade, iPhone XS Max, Fully Broken,0
Smartgrade, iPhone XS, Grade A,17.4
Smartgrade, iPhone XS, Grade B,9.4
Smartgrade, iPhone XS, Grade C,4.5
Smartgrade, iPhone XS, Grade D,2.0
Smartgrade, iPhone XS, Grade G,6.6
Smartgrade, iPhone XS, Aftermarket,0
Smartgrade, iPhone XS, Fully Broken,0
Smartgrade, iPhone X, Grade A,19.2
Smartgrade, iPhone X, Grade B,11.2
Smartgrade, iPhone X, Grade C,5.3
Smartgrade, iPhone X, Grade D,2.8
Smartgrade, iPhone X, Grade G,7.8
Smartgrade, iPhone X, Aftermarket,0
Smartgrade, iPhone X, Fully Broken,0
Smartgrade, iPhone XR, Grade A,3.5
Smartgrade, iPhone XR, Grade B,3.5
Smartgrade, iPhone XR, Grade C,0.7
Smartgrade, iPhone XR, Grade D,0.3
Smartgrade, iPhone XR, Grade G,0.7
Smartgrade, iPhone XR, Aftermarket,0
Smartgrade, iPhone XR, Fully Broken,0
Smartgrade, iPhone 8 Plus, Grade A,4.9
Smartgrade, iPhone 8 Plus, Grade B,4.9
Smartgrade, iPhone 8 Plus, Grade C,1.2
Smartgrade, iPhone 8 Plus, Grade D,0.8
Smartgrade, iPhone 8 Plus, Grade G,0.8
Smartgrade, iPhone 8 Plus, Aftermarket,0
Smartgrade, iPhone 8 Plus, Fully Broken,0
Smartgrade, iPhone 8, Grade A,1.1
Smartgrade, iPhone 8, Grade B,1.1
Smartgrade, iPhone 8, Grade C,0.3
Smartgrade, iPhone 8, Grade D,0
Smartgrade, iPhone 8, Grade G,0
Smartgrade, iPhone 8, Aftermarket,0
Smartgrade, iPhone 8, Fully Broken,0
Smartgrade, iPhone 7 Plus, Grade A,4.4
Smartgrade, iPhone 7 Plus, Grade B,4.4
Smartgrade, iPhone 7 Plus, Grade C,1.2
Smartgrade, iPhone 7 Plus, Grade D,0.3
Smartgrade, iPhone 7 Plus, Grade G,0.3
Smartgrade, iPhone 7 Plus, Aftermarket,0
Smartgrade, iPhone 7 Plus, Fully Broken,0
Smartgrade, iPhone 7, Grade A,1.1
Smartgrade, iPhone 7, Grade B,1.1
Smartgrade, iPhone 7, Grade C,0.3
Smartgrade, iPhone 7, Grade D,0
Smartgrade, iPhone 7, Grade G,0
Smartgrade, iPhone 7, Aftermarket,0
Smartgrade, iPhone 7, Fully Broken,0
Smartgrade, iPhone 6S Plus, Grade A,4.9
Smartgrade, iPhone 6S Plus, Grade B,4.9
Smartgrade, iPhone 6S Plus, Grade C,1.2
Smartgrade, iPhone 6S Plus, Grade D,0.3
Smartgrade, iPhone 6S Plus, Grade G,0.3
Smartgrade, iPhone 6S Plus, Aftermarket,0
Smartgrade, iPhone 6S Plus, Fully Broken,0
Smartgrade, iPhone 6S, Grade A,0.8
Smartgrade, iPhone 6S, Grade B,0.8
Smartgrade, iPhone 6S, Grade C,0.3
Smartgrade, iPhone 6S, Grade D,0
Smartgrade, iPhone 6S, Grade G,0
Smartgrade, iPhone 6S, Aftermarket,0
Smartgrade, iPhone 6S, Fully Broken,0
Smartgrade, iPhone 6 Plus, Grade A,1.7
Smartgrade, iPhone 6 Plus, Grade B,1.7
Smartgrade, iPhone 6 Plus, Grade C,1.2
Smartgrade, iPhone 6 Plus, Grade D,0
Smartgrade, iPhone 6 Plus, Grade G,0
Smartgrade, iPhone 6 Plus, Aftermarket,0
Smartgrade, iPhone 6 Plus, Fully Broken,0
Smartgrade, iPhone 6, Grade A,0.2
Smartgrade, iPhone 6, Grade B,0.2
Smartgrade, iPhone 6, Grade C,0
Smartgrade, iPhone 6, Grade D,0
Smartgrade, iPhone 6, Grade G,0
Smartgrade, iPhone 6, Aftermarket,0
Smartgrade, iPhone 6, Fully Broken,0
Smartgrade, iPad Pro 12.9 2021, Grade A,30.0
Smartgrade, iPad Pro 12.9 2021, Grade B,11.0
Smartgrade, iPad Pro 12.9 2021, Grade C,3.6
Smartgrade, iPad Pro 12.9 2020, Grade A,18.7
Smartgrade, iPad Pro 12.9 2020, Grade B,9.1
Smartgrade, iPad Pro 12.9 2020, Grade C,3.6
Smartgrade, iPad Pro 12.9 2018, Grade A,18.7
Smartgrade, iPad Pro 12.9 2018, Grade B,8.2
Smartgrade, iPad Pro 12.9 2018, Grade C,3.6
Smartgrade, iPad Pro 12.9 2017, Grade A,44.4
Smartgrade, iPad Pro 12.9 2017, Grade B,25.7
Smartgrade, iPad Pro 12.9 2017, Grade C,15.7
Smartgrade, iPad Pro 12.9 2015, Grade A,25.7
Smartgrade, iPad Pro 12.9 2015, Grade B,14.3
Smartgrade, iPad Pro 12.9 2015, Grade C,9.2
Smartgrade, iPad Pro 11 - (2018/2019/2020), Grade A,18.7
Smartgrade, iPad Pro 11 - (2018/2019/2020), Grade B,8.2
Smartgrade, iPad Pro 11 - (2018/2019/2020), Grade C,3.6
Smartgrade, iPad Pro 10.9 Air 4, Grade A,10.8
Smartgrade, iPad Pro 10.9 Air 4, Grade B,3.9
Smartgrade, iPad Pro 10.9 Air 4, Grade C,1.9
Smartgrade, iPad Pro 10.5, Grade A,20.0
Smartgrade, iPad Pro 10.5, Grade B,6.3
Smartgrade, iPad Pro 10.5, Grade C,4.4
Smartgrade, iPad 10.2 2021/ iPad 9, Grade A,12.6
Smartgrade, iPad 10.2 2021/ iPad 9, Grade B,6.5
Smartgrade, iPad 10.2 2021/ iPad 9, Grade C,1.9
Smartgrade, iPad 10.2 2020/ iPad 8, Grade A,12.6
Smartgrade, iPad 10.2 2020/ iPad 8, Grade B,6.5
Smartgrade, iPad 10.2 2020/ iPad 8, Grade C,1.9
Smartgrade, iPad 10.2 2019/ iPad 7, Grade A,12.6
Smartgrade, iPad 10.2 2019/ iPad 7, Grade B,6.5
Smartgrade, iPad 10.2 2019/ iPad 7, Grade C,1.9
Smartgrade, iPad Mini 4, Grade A,13.5
Smartgrade, iPad Mini 4, Grade B,8.2
Smartgrade, iPad Mini 4, Grade C,3.6
Smartgrade, iPad Mini 2019, Grade A,13.5
Smartgrade, iPad Mini 2019, Grade B,8.2
Smartgrade, iPad Mini 2019, Grade C,3.6
Smartgrade, iPad Mini 6, Grade A,44.4
Smartgrade, iPad Mini 6, Grade B,25.7
Smartgrade, iPad Mini 6, Grade C,19.8
Smartgrade, iPad Air 2/ Air 6, Grade A,12.6
Smartgrade, iPad Air 2/ Air 6, Grade B,7.4
Smartgrade, iPad Air 2/ Air 6, Grade C,3.6
Smartgrade, iPad Air/ Air 5, Grade A,12.6
Smartgrade, iPad Air/ Air 5, Grade B,7.4
Smartgrade, iPad Air/ Air 5, Grade C,1.9
Smartgrade, iPad Pro 9.7, Grade A,8.2
Smartgrade, iPad Pro 9.7, Grade B,3.9
Smartgrade, iPad Pro 9.7, Grade C,1.9
Smartgrade, Mate 40 Pro, Grade A,48.4
Smartgrade, Mate 40 Pro, Grade B,38.6
Smartgrade, Mate 40 Pro, Grade C,26.6
Smartgrade, Mate 40 Pro, Grade D,20.0
Smartgrade, Mate 40 Pro, Grade G,2.6
Smartgrade, Mate 40, Grade A,39.5
Smartgrade, Mate 40, Grade B,30.6
Smartgrade, Mate 40, Grade C,20.8
Smartgrade, Mate 40, Grade D,12.6
Smartgrade, Mate 40, Grade G,2.6
Smartgrade, Mate 30, Grade A,46.3
Smartgrade, Mate 30, Grade B,40.4
Smartgrade, Mate 30, Grade C,30.2
Smartgrade, Mate 30, Grade D,21.5
Smartgrade, Mate 30, Grade G,0
Smartgrade, Mate 30 Pro, Grade A,74.4
Smartgrade, Mate 30 Pro, Grade B,66.8
Smartgrade, Mate 30 Pro, Grade C,52.9
Smartgrade, Mate 30 Pro, Grade D,37.2
Smartgrade, Mate 30 Pro, Grade G,0
Smartgrade, Mate 20 X, Grade A,74.2
Smartgrade, Mate 20 X, Grade B,66.3
Smartgrade, Mate 20 X, Grade C,50.9
Smartgrade, Mate 20 X, Grade D,39.7
Smartgrade, Mate 20 X, Grade G,0.7
Smartgrade, Mate 20 Pro, Grade A,18.2
Smartgrade, Mate 20 Pro, Grade B,14.8
Smartgrade, Mate 20 Pro, Grade C,9.7
Smartgrade, Mate 20 Pro, Grade D,5.8
Smartgrade, Mate 20 Pro, Grade G,0.7
Smartgrade, Mate 10 Pro, Grade A,13.7
Smartgrade, Mate 10 Pro, Grade B,10.2
Smartgrade, Mate 10 Pro, Grade C,6.9
Smartgrade, Mate 10 Pro, Grade D,4.4
Smartgrade, Mate 10 Pro, Grade G,0.7
Smartgrade, Mate 9 Pro, Grade A,2.9
Smartgrade, Mate 9 Pro, Grade B,1.2
Smartgrade, Mate 9 Pro, Grade C,0.7
Smartgrade, Mate 9 Pro, Grade D,0.3
Smartgrade, Mate 9 Pro, Grade G,0.7
Smartgrade, Mate RS, Grade A,17.3
Smartgrade, Mate RS, Grade B,11.1
Smartgrade, Mate RS, Grade C,6.1
Smartgrade, Mate RS, Grade D,3.6
Smartgrade, Mate RS, Grade G,0.7
Smartgrade, P50 pro, Grade A,37.7
Smartgrade, P50 pro, Grade B,32.4
Smartgrade, P50 pro, Grade C,21.7
Smartgrade, P50 pro, Grade D,15.9
Smartgrade, P50 pro, Grade G,0.7
Smartgrade, P50, Grade A,37.7
Smartgrade, P50, Grade B,32.4
Smartgrade, P50, Grade C,21.7
Smartgrade, P50, Grade D,15.9
Smartgrade, P50, Grade G,0.7
Smartgrade, P40 Pro Plus, Grade A,66.2
Smartgrade, P40 Pro Plus, Grade B,57.3
Smartgrade, P40 Pro Plus, Grade C,36.4
Smartgrade, P40 Pro Plus, Grade D,28.2
Smartgrade, P40 Pro Plus, Grade G,0.7
Smartgrade, P40 Pro, Grade A,66.2
Smartgrade, P40 Pro, Grade B,57.3
Smartgrade, P40 Pro, Grade C,36.4
Smartgrade, P40 Pro, Grade D,28.2
Smartgrade, P40 Pro, Grade G,0.7
Smartgrade, P40, Grade A,23.3
Smartgrade, P40, Grade B,16.5
Smartgrade, P40, Grade C,11.3
Smartgrade, P40, Grade D,7.4
Smartgrade, P40, Grade G,0.7
Smartgrade, P30 Pro, Grade A,15.5
Smartgrade, P30 Pro, Grade B,12.8
Smartgrade, P30 Pro, Grade C,8.5
Smartgrade, P30 Pro, Grade D,5.2
Smartgrade, P30 Pro, Grade G,0.7
Smartgrade, P30, Grade A,13.7
Smartgrade, P30, Grade B,10.2
Smartgrade, P30, Grade C,7.7
Smartgrade, P30, Grade D,5.2
Smartgrade, P30, Grade G,0.7
Smartgrade, P20 Pro, Grade A,19.9
Smartgrade, P20 Pro, Grade B,17.4
Smartgrade, P20 Pro, Grade C,11.7
Smartgrade, P20 Pro, Grade D,8.9
Smartgrade, P20 Pro, Grade G,0.7
Smartgrade, P9 Plus, Grade A,3.8
Smartgrade, P9 Plus, Grade B,1.6
Smartgrade, P9 Plus, Grade C,0.7
Smartgrade, P9 Plus, Grade D,0.3
Smartgrade, P9 Plus, Grade G,0.7
Smartgrade, Honor Magic 2, Grade A,12.3
Smartgrade, Honor Magic 2, Grade B,8.0
Smartgrade, Honor Magic 2, Grade C,5.0
Smartgrade, Honor Magic 2, Grade D,3.4
Smartgrade, Honor Magic 2, Grade G,0.7
Smartgrade, Honor Note 10, Grade A,27.6
Smartgrade, Honor Note 10, Grade B,22.1
Smartgrade, Honor Note 10, Grade C,15.6
Smartgrade, Honor Note 10, Grade D,9.7
Smartgrade, Honor Note 10, Grade G,0.7
Smartgrade, Honor Note 8, Grade A,11.1
Smartgrade, Honor Note 8, Grade B,8.0
Smartgrade, Honor Note 8, Grade C,5.0
Smartgrade, Honor Note 8, Grade D,2.6
Smartgrade, Honor Note 8, Grade G,0.7
Smartgrade, Nova 8 Pro, Grade A,12.8
Smartgrade, Nova 8 Pro, Grade B,9.3
Smartgrade, Nova 8 Pro, Grade C,6.1
Smartgrade, Nova 8 Pro, Grade D,3.6
Smartgrade, Nova 8 Pro, Grade G,0.7
Smartgrade, Nova 8, Grade A,16.5
Smartgrade, Nova 8, Grade B,12.3
Smartgrade, Nova 8, Grade C,8.1
Smartgrade, Nova 8, Grade D,5.0
Smartgrade, Nova 8, Grade G,0.7
Smartgrade, Nova 5 Pro, Grade A,16.5
Smartgrade, Nova 5 Pro, Grade B,11.4
Smartgrade, Nova 5 Pro, Grade C,7.4
Smartgrade, Nova 5 Pro, Grade D,4.2
Smartgrade, Nova 5 Pro, Grade G,0.7
Smartgrade, Nova 5, Grade A,16.5
Smartgrade, Nova 5, Grade B,11.4
Smartgrade, Nova 5, Grade C,7.4
Smartgrade, Nova 5, Grade D,4.2
Smartgrade, Nova 5, Grade G,0.7
Smartgrade, Nova 7, Grade A,20.8
Smartgrade, Nova 7, Grade B,14.8
Smartgrade, Nova 7, Grade C,9.7
Smartgrade, Nova 7, Grade D,5.8
Smartgrade, Nova 7, Grade G,0.7
Smartgrade, Pixel 7 Pro, Grade A,46.7
Smartgrade, Pixel 7 Pro, Grade B,39.1
Smartgrade, Pixel 7 Pro, Grade C,27.8
Smartgrade, Pixel 7 Pro, Grade D,22.1
Smartgrade, Pixel 7, Grade A,44.8
Smartgrade, Pixel 7, Grade B,39.1
Smartgrade, Pixel 7, Grade C,27.8
Smartgrade, Pixel 7, Grade D,22.1
Smartgrade, Pixel 6 Pro, Grade A,75.0
Smartgrade, Pixel 6 Pro, Grade B,65.6
Smartgrade, Pixel 6 Pro, Grade C,51.4
Smartgrade, Pixel 6 Pro, Grade D,37.2
Smartgrade, Pixel 6A, Grade A,27.8
Smartgrade, Pixel 6A, Grade B,22.1
Smartgrade, Pixel 6A, Grade C,17.4
Smartgrade, Pixel 6A, Grade D,11.8
Smartgrade, Pixel 6, Grade A,42.0
Smartgrade, Pixel 6, Grade B,35.4
Smartgrade, Pixel 6, Grade C,25.9
Smartgrade, Pixel 6, Grade D,20.3
Smartgrade, Pixel 5A, Grade A,40.1
Smartgrade, Pixel 5A, Grade B,33.5
Smartgrade, Pixel 5A, Grade C,24.0
Smartgrade, Pixel 5A, Grade D,18.4
Smartgrade, Pixel 5, Grade A,40.1
Smartgrade, Pixel 5, Grade B,33.5
Smartgrade, Pixel 5, Grade C,24.0
Smartgrade, Pixel 5, Grade D,18.4
Smartgrade, Pixel 4A XL, Grade A,17.1
Smartgrade, Pixel 4A XL, Grade B,13.6
Smartgrade, Pixel 4A XL, Grade C,10.0
Smartgrade, Pixel 4A XL, Grade D,5.7
Smartgrade, Pixel 4A, Grade A,25.9
Smartgrade, Pixel 4A, Grade B,20.6
Smartgrade, Pixel 4A, Grade C,16.2
Smartgrade, Pixel 4A, Grade D,10.9
Smartgrade, Pixel 4XL, Grade A,8.9
Smartgrade, Pixel 4XL, Grade B,5.2
Smartgrade, Pixel 4XL, Grade C,0
Smartgrade, Pixel 4XL, Grade D,0.4
Smartgrade, Pixel 3 XL, Grade A,4.2
Smartgrade, Pixel 3 XL, Grade B,2.3
Smartgrade, Pixel 3 XL, Grade C,0
Smartgrade, Pixel 3 XL, Grade D,0
Smartgrade, MI 13, Grade A,32.5
Smartgrade, MI 13, Grade B,27.8
Smartgrade, MI 13, Grade C,18.4
Smartgrade, MI 13, Grade D,13.7
Smartgrade, MI 13, Grade G,0.8
Smartgrade, MI 12 Pro, Grade A,42.0
Smartgrade, MI 12 Pro, Grade B,37.2
Smartgrade, MI 12 Pro, Grade C,27.8
Smartgrade, MI 12 Pro, Grade D,23.1
Smartgrade, MI 12 Pro, Grade G,0.8
Smartgrade, MI 12, Grade A,10.8
Smartgrade, MI 12, Grade B,8.0
Smartgrade, MI 12, Grade C,5.2
Smartgrade, MI 12, Grade D,2.3
Smartgrade, MI 12, Grade G,0.8
Smartgrade, MI 11 Pro, Grade A,64.6
Smartgrade, MI 11 Pro, Grade B,59.9
Smartgrade, MI 11 Pro, Grade C,46.7
Smartgrade, MI 11 Pro, Grade D,36.3
Smartgrade, MI 11 Pro, Grade G,0.8
Smartgrade, MI 11, Grade A,56.1
Smartgrade, MI 11, Grade B,51.4
Smartgrade, MI 11, Grade C,43.9
Smartgrade, MI 11, Grade D,32.5
Smartgrade, MI 11, Grade G,0.8
Smartgrade, K50, Grade A,31.6
Smartgrade, K50, Grade B,27.8
Smartgrade, K50, Grade C,23.1
Smartgrade, K50, Grade D,17.4
Smartgrade, K50, Grade G,0.8
Smartgrade, K40, Grade A,22.1
Smartgrade, K40, Grade B,18.4
Smartgrade, K40, Grade C,13.7
Smartgrade, K40, Grade D,8.9
Smartgrade, K40, Grade G,0.8
Smartgrade, K20, Grade A,18.4
Smartgrade, K20, Grade B,13.7
Smartgrade, K20, Grade C,8.9
Smartgrade, K20, Grade D,4.2
Smartgrade, K20, Grade G,0.8
Smartgrade, Redmi Note 12 Pro, Grade A,46.7
Smartgrade, Redmi Note 12 Pro, Grade B,42.0
Smartgrade, Redmi Note 12 Pro, Grade C,35.4
Smartgrade, Redmi Note 12 Pro, Grade D,27.8
Smartgrade, Redmi Note 12 Pro, Grade G,0.8
Smartgrade, Redmi Note 12, Grade A,25.0
Smartgrade, Redmi Note 12, Grade B,21.2
Smartgrade, Redmi Note 12, Grade C,16.5
Smartgrade, Redmi Note 12, Grade D,10.8
Smartgrade, Redmi Note 12, Grade G,0.8
Smartgrade, Redmi Note 11 Pro, Grade A,29.7
Smartgrade, Redmi Note 11 Pro, Grade B,25.9
Smartgrade, Redmi Note 11 Pro, Grade C,20.3
Smartgrade, Redmi Note 11 Pro, Grade D,14.6
Smartgrade, Redmi Note 11 Pro, Grade G,0.8
Smartgrade, Redmi Note 11, Grade A,23.1
Smartgrade, Redmi Note 11, Grade B,18.4
Smartgrade, Redmi Note 11, Grade C,13.7
Smartgrade, Redmi Note 11, Grade D,8.9
Smartgrade, Redmi Note 11, Grade G,0.8
Smartgrade, Redmi Note 10 Pro, Grade A,27.8
Smartgrade, Redmi Note 10 Pro, Grade B,23.1
Smartgrade, Redmi Note 10 Pro, Grade C,17.4
Smartgrade, Redmi Note 10 Pro, Grade D,11.8
Smartgrade, Redmi Note 10 Pro, Grade G,0.8
Smartgrade, Oppo Find X5 Pro, Grade A,27.5
Smartgrade, Oppo Find X5 Pro, Grade B,22.1
Smartgrade, Oppo Find X5 Pro, Grade C,17.6
Smartgrade, Oppo Find X5 Pro, Grade D,10.3
Smartgrade, Oppo Find X5 Pro, Grade G,0.8
Smartgrade, Oppo Find X3/X3 Pro, Grade A,41.1
Smartgrade, Oppo Find X3/X3 Pro, Grade B,36.6
Smartgrade, Oppo Find X3/X3 Pro, Grade C,29.3
Smartgrade, Oppo Find X3/X3 Pro, Grade D,22.1
Smartgrade, Oppo Find X3/X3 Pro, Grade G,0.8
Smartgrade, Oppo Find X2/X2 Pro, Grade A,61.0
Smartgrade, Oppo Find X2/X2 Pro, Grade B,56.4
Smartgrade, Oppo Find X2/X2 Pro, Grade C,47.4
Smartgrade, Oppo Find X2/X2 Pro, Grade D,38.4
Smartgrade, Oppo Find X2/X2 Pro, Grade G,0.8
Smartgrade, Oppo Reno 8 Pro, Grade A,53.7
Smartgrade, Oppo Reno 8 Pro, Grade B,49.2
Smartgrade, Oppo Reno 8 Pro, Grade C,42.0
Smartgrade, Oppo Reno 8 Pro, Grade D,32.9
Smartgrade, Oppo Reno 8 Pro, Grade G,0.8
Smartgrade, Oppo Reno 8, Grade A,26.6
Smartgrade, Oppo Reno 8, Grade B,22.1
Smartgrade, Oppo Reno 8, Grade C,17.6
Smartgrade, Oppo Reno 8, Grade D,13.1
Smartgrade, Oppo Reno 8, Grade G,0.8
Smartgrade, Oppo Reno 7, Grade A,22.1
Smartgrade, Oppo Reno 7, Grade B,17.6
Smartgrade, Oppo Reno 7, Grade C,13.1
Smartgrade, Oppo Reno 7, Grade D,8.5
Smartgrade, Oppo Reno 7, Grade G,0.8
Smartgrade, Oppo Reno 6, Grade A,22.1
Smartgrade, Oppo Reno 6, Grade B,17.6
Smartgrade, Oppo Reno 6, Grade C,13.1
Smartgrade, Oppo Reno 6, Grade D,8.5
Smartgrade, Oppo Reno 6, Grade G,0.8
Smartgrade, Oppo Reno 5 Pro, Grade A,19.4
Smartgrade, Oppo Reno 5 Pro, Grade B,14.9
Smartgrade, Oppo Reno 5 Pro, Grade C,10.3
Smartgrade, Oppo Reno 5 Pro, Grade D,6.7
Smartgrade, Oppo Reno 5 Pro, Grade G,0.8
Smartgrade, Oppo Reno 5, Grade A,22.1
Smartgrade, Oppo Reno 5, Grade B,17.6
Smartgrade, Oppo Reno 5, Grade C,13.1
Smartgrade, Oppo Reno 5, Grade D,8.5
Smartgrade, Oppo Reno 5, Grade G,0.8
Smartgrade, Oppo Reno 4, Grade A,22.1
Smartgrade, Oppo Reno 4, Grade B,17.6
Smartgrade, Oppo Reno 4, Grade C,13.1
Smartgrade, Oppo Reno 4, Grade D,8.5
Smartgrade, Oppo Reno 4, Grade G,0.8
Smartgrade, Oppo Reno 3 Pro, Grade A,8.5
Smartgrade, Oppo Reno 3 Pro, Grade B,5.8
Smartgrade, Oppo Reno 3 Pro, Grade C,3.1
Smartgrade, Oppo Reno 3 Pro, Grade D,1.3
Smartgrade, Oppo Reno 3 Pro, Grade G,0.8
Smartgrade, Oppo Reno 3, Grade A,17.6
Smartgrade, Oppo Reno 3, Grade B,13.1
Smartgrade, Oppo Reno 3, Grade C,8.5
Smartgrade, Oppo Reno 3, Grade D,4.0
Smartgrade, Oppo Reno 3, Grade G,0.8
Smartgrade, Oppo Reno 2, Grade A,17.6
Smartgrade, Oppo Reno 2, Grade B,13.1
Smartgrade, Oppo Reno 2, Grade C,8.5
Smartgrade, Oppo Reno 2, Grade D,4.0
Smartgrade, Oppo Reno 2, Grade G,0.8
Smartgrade, Oppo Reno, Grade A,10.3
Smartgrade, Oppo Reno, Grade B,7.6
Smartgrade, Oppo Reno, Grade C,4.9
Smartgrade, Oppo Reno, Grade D,2.2
Smartgrade, Oppo Reno, Grade G,0.8
ispart, iPhone 14 Pro Max, GRADE A,139.0
ispart, iPhone 14 Pro, GRADE A,113.0
ispart, iPhone 14 Plus, GRADE A,62.0
ispart, iPhone 14, GRADE A,62.0
ispart, iPhone 13 Pro, GRADE A,113.0
ispart, iPhone 13 Mini, GRADE A,51.0
ispart, iPhone 13, GRADE A,42.0
ispart, iPhone 12 Pro Max, GRADE A,57.0
ispart, iPhone 12, GRADE A,23.0
ispart, iPhone 12 Mini, GRADE A,27.0
ispart, iPhone 11 Pro Max, GRADE A,20.0
ispart, iPhone 11 Pro, GRADE A,13.0
ispart, iPhone 11, GRADE A,2.0
ispart, iPhone XS Max, GRADE A,28.0
ispart, iPhone XS, GRADE A,12.0
ispart, iPhone X, GRADE A,13.0
ispart, iPhone XR, GRADE A,1.0
ispart, iPhone 8 Plus, GRADE A,1.0
ispart, iPhone 7 Plus, GRADE A,2.5
ispart, iPhone 6S Plus, GRADE A,1.0
ispart, iPhone 12 Pro, GRADE A,23.0
ispart, Fold 5 (F946) Inner screen, GRADE A,177.0
ispart, Fold  C118 (F900) Inner screen, GRADE A,114.0
ispart, Flip 5 (F731) Inner screen, GRADE A,118.0
ispart, Fold 5 (F946) Outer screen, GRADE A,27.0
ispart, S23 Ultra 5G (G918), GRADE A,82.0
ispart, S23 Plus 5G (G916), GRADE A,39.0
ispart, S21 FE 5G (G990), GRADE A,28.0
ispart, Note 20 Ultra 5G, GRADE A,87.0
ispart, Note 10+, GRADE A,74.0
ispart, Note 10, GRADE A,50.0
ispart, Note 9, GRADE A,39.0
ispart, Note 8, GRADE A,30.0
ispart, A805/A80, GRADE A,17.0
ispart, A8 (A8 2015), GRADE A,10.0
ispart, A750 (A7 2018), GRADE A,10.0
ispart, A730 (A8+), GRADE A,10.0
ispart, A716, GRADE A,16.0
ispart, A715, GRADE A,17.0
ispart, A70/A705, GRADE A,16.0
ispart, S22 Ultra 5G (G908), GRADE A,89.0
ispart, S22 Plus 5G (G906), GRADE A,37.0
ispart, S22 5G (G901), GRADE A,37.0
ispart, A605 (J805/J810 2018), GRADE A,9.0
ispart, A516, GRADE A,11.0
ispart, A50/A505, GRADE A,10.0
ispart, A42 5G, GRADE A,9.0
ispart, A415, GRADE A,6.0
ispart, A40/A405, GRADE A,7.0
ispart, A320, GRADE A,1.0
ispart, A32/A325, GRADE A,11.0
ispart, A315, GRADE A,11.0
ispart, A310, GRADE A,4.0
ispart, A30S/A307, GRADE A,9.0
ispart, A30/A305, GRADE A,10.0
ispart, A22 4G/A225, GRADE A,19.0
ispart, A20, GRADE A,4.0
ispart, J730/J7Pro/J700 2017, GRADE A,8.0
ispart, J700 (J700 2015), GRADE A,5.0
ispart, J530 (J500 2017), GRADE A,2.0
ispart, M52, GRADE A,25.0
ispart, S21 Ultra 5G (G998), GRADE A,76.0
ispart, S21 Plus 5G (G996), GRADE A,35.0
ispart, S21 5G (G991), GRADE A,35.0
ispart, S20 Ultra 5G (G988), GRADE A,52.0
ispart, S20 Plus (G985), GRADE A,48.0
ispart, S20 FE 5G (G781), GRADE A,21.0
ispart, S20 5G (G981), GRADE A,39.0
ispart, S10 Plus (G975), GRADE A,57.0
ispart, S10 lite (G770), GRADE A,19.0
ispart, S10 5G (G977), GRADE A,59.0
ispart, S10 (G973), GRADE A,43.0
ispart, S10E (G970), GRADE A,14.0
ispart, S9 Edge+ (G965), GRADE A,31.0
ispart, S9 Edge (G960), GRADE A,21.0
ispart, S8 Edge+ (G955), GRADE A,35.0
ispart, S8 Edge (G950), GRADE A,24.0
ispart, S8 Active (G892), GRADE A,15.0
ispart, S7 Edge (G935), GRADE A,11.0
ispart, S7 (G930), GRADE A,1.5
ispart, S6 Edge+ (G928), GRADE A,5.0
ispart, S6 Edge (G925), GRADE A,4.0
ispart, S6 (G920), GRADE A,1.5
ispart, S5 (G900), GRADE A,1.0
ispart, Note 20 5G, GRADE A,35.0
ispart, Note 10 Lite, GRADE A,20.0
ispart, Note 5, GRADE A,11.0
ispart, Note 4, GRADE A,1.0
ispart, A920, GRADE A,16.0
ispart, A90/A905, GRADE A,18.0
ispart, A900 (A9 2016), GRADE A,21.0
ispart, A720 (A7 2017), GRADE A,10.0
ispart, A710 (A7 2016), GRADE A,9.0
ispart, A700 (A7 2015), GRADE A,1.0
ispart, A72/A725, GRADE A,20.0
ispart, A6 (J800 2018), GRADE A,9.0
ispart, A530, GRADE A,7.0
ispart, A520, GRADE A,7.0
ispart, A52/A525, GRADE A,20.0
ispart, A515, GRADE A,12.0
ispart, A510, GRADE A,6.0
ispart, A500, GRADE A,2.0
ispart, A336, GRADE A,16.0
ispart, A50S, GRADE A,9.0
ispart, A526, GRADE A,22.0
ispart, A528, GRADE A,21.0
ispart, A536, GRADE A,13.0
ispart, C7, GRADE A,13.0
ispart, C9, GRADE A,21.0
ispart, J110, GRADE A,1.0
ispart, J200, GRADE A,6.0
ispart, J250, GRADE A,3.0
ispart, J320/J3 Pro, GRADE A,1.0
ispart, J400, GRADE A,3.0
ispart, J500 (J500 2015), GRADE A,1.0
ispart, J510 (J500 2016), GRADE A,2.0
ispart, J701, GRADE A,2.0
ispart, J710 (J700 2016), GRADE A,6.0
ispart, J720, GRADE A,2.0
ispart, M21S, GRADE A,9.0
ispart, M22, GRADE A,10.0
ispart, M30S, GRADE A,9.0
ispart, M31, GRADE A,9.0
ispart, M31s, GRADE A,18.0
ispart, M325, GRADE A,12.0
ispart, M515, GRADE A,16.0
ispart, M535, GRADE A,23.0
ispart, S23 5G (G911), GRADE A,39.0
ispart, Fold 4 (F936) Inner screen, GRADE A,177.0
ispart, Fold 3 (F926) Inner screen, GRADE A,155.0
ispart, Fold 2 (F916) Inner screen, GRADE A,136.0
ispart, Flip 4 (F721) Inner screen, GRADE A,118.0
ispart, Flip 3 (F711) Inner screen, GRADE A,95.0
ispart, Flip (F700) Inner screen, GRADE A,68.0
ispart, Fold 4 (F936) Outer screen, GRADE A,27.0
ispart, Fold 3 (F926) Outer screen, GRADE A,27.0
ispart, Fold 2 (F916) Outer screen, GRADE A,24.0
ispart, Fold (F900) Outer screen, GRADE A,2.0
ispart, S20 FE 5G R8, GRADE A,16.0
ispart, M536, GRADE A,25.0
ispart, iPad Pro 11/18/19/20, GRADE A,14.0
ispart, iPad Pro 10.5, GRADE A,15.0
ispart, iPad 10.2/7/8/9, GRADE A,8.0
ispart, iPad Air2/6, GRADE A,8.0
ispart, iPad Air/5, GRADE A,8.0
ispart, iPad Pro 12.9 2018, GRADE A,14.0
ispart, iPad Pro 12.9 2017, GRADE A,38.0
ispart, iPad Mini 5, GRADE A,9.0
ispart, iPad Mini 4, GRADE A,9.0
ispart, iPad Pro 9.7, GRADE A,4.0
ispart, iPad Mini 6, GRADE A,38.0
ispart, iPad Pro 10.9 Air4, GRADE A,6.0
ispart, iPad Pro 12.9 2015, GRADE A,21.0
ispart, iPad Pro 12.9 2020, GRADE A,14.0
ispart, iPad Pro 12.9 2021, GRADE A,25.0
ispart, Huawei P50 Pro, GRADE A,34.0
ispart, Huawei P50, GRADE A,34.0
ispart, Huawei P40 Pro Plus, GRADE A,55.0
ispart, Huawei Honor Note 8, GRADE A,7.0
ispart, Huawei P40 Pro, GRADE A,54.0
ispart, Huawei P40, GRADE A,20.0
ispart, Huawei Mate 40 Pro, GRADE A,45.0
ispart, Huawei Mate 40, GRADE A,32.0
ispart, Huawei Mate 30, GRADE A,43.0
ispart, Huawei Mate 30 Pro, GRADE A,72.0
ispart, Huawei Mate 20 X, GRADE A,62.0
ispart, Huawei Mate 20 Pro, GRADE A,14.0
ispart, Huawei Mate 10 Pro, GRADE A,10.0
ispart, Huawei Mate 9 Pro, GRADE A,1.0
ispart, Huawei Mate RS, GRADE A,17.0
ispart, Huawei P30 Pro, GRADE A,12.0
ispart, Huawei P30, GRADE A,10.0
ispart, Huawei P20 Pro, GRADE A,16.0
ispart, Huawei P9 Plus, GRADE A,2.0
ispart, Huawei Nova 5 Pro, GRADE A,13.0
ispart, Huawei Nova 5, GRADE A,13.0
ispart, Huawei Nova 7, GRADE A,17.0
ispart, Huawei Honor Note 10, GRADE A,24.0
ispart, Huawei Honor 20, GRADE A,9.0
ispart, Huawei Honor Magic 2, GRADE A,8.0
ispart, Huawei Nova 8, GRADE A,13.0
ispart, Huawei Nova 8 Pro, GRADE A,9.0
LcdPhone, Mod√®le, GRADE A,0
LcdPhone, Mod√®le, GRADE B,0
LcdPhone, iPhone 14 Pro Max, GRADE A,160.0
LcdPhone, iPhone 14 Pro Max, GRADE B,10.0
LcdPhone, iPhone 14 Pro, GRADE A,130.0
LcdPhone, iPhone 14 Pro, GRADE B,10.0
LcdPhone, iPhone 14 Plus, GRADE A,80.0
LcdPhone, iPhone 14 Plus, GRADE B,10.0
LcdPhone, iPhone 14, GRADE A,70.0
LcdPhone, iPhone 14, GRADE B,10.0
LcdPhone, iPhone 13 Pro Max, GRADE A,140.0
LcdPhone, iPhone 13 Pro Max, GRADE B,10.0
LcdPhone, iPhone 13 Pro, GRADE A,115.0
LcdPhone, iPhone 13 Pro, GRADE B,10.0
LcdPhone, iPhone 13, GRADE A,55.0
LcdPhone, iPhone 13, GRADE B,10.0
LcdPhone, iPhone 13 Mini, GRADE A,50.0
LcdPhone, iPhone 13 Mini, GRADE B,10.0
LcdPhone, iPhone 12 Pro Max, GRADE A,70.0
LcdPhone, iPhone 12 Pro Max, GRADE B,10.0
LcdPhone, iPhone 12 Pro, GRADE A,40.0
LcdPhone, iPhone 12 Pro, GRADE B,20.0
LcdPhone, iPhone 12, GRADE A,40.0
LcdPhone, iPhone 12, GRADE B,20.0
LcdPhone, iPhone 12 Mini, GRADE A,30.0
LcdPhone, iPhone 12 Mini, GRADE B,10.0
LcdPhone, iPhone 11 Pro Max, GRADE A,25.0
LcdPhone, iPhone 11 Pro Max, GRADE B,15.0
LcdPhone, iPhone 11 Pro, GRADE A,15.0
LcdPhone, iPhone 11 Pro, GRADE B,10.0
LcdPhone, iPhone 11, GRADE A,6.0
LcdPhone, iPhone 11, GRADE B,3.0
LcdPhone, iPhone XS Max, GRADE A,20.0
LcdPhone, iPhone XS Max, GRADE B,10.0
LcdPhone, iPhone XS, GRADE A,15.0
LcdPhone, iPhone XS, GRADE B,10.0
LcdPhone, iPhone XR, GRADE A,5.0
LcdPhone, iPhone XR, GRADE B,2.0
LcdPhone, iPhone X, GRADE A,15.0
LcdPhone, iPhone X, GRADE B,10.0
LcdPhone, iPhone 8 Plus, GRADE A,2.0
LcdPhone, iPhone 8 Plus, GRADE B,1.0
LcdPhone, iPhone 8, GRADE A,1.0
LcdPhone, iPhone 8, GRADE B,0.5
LcdPhone, iPhone 7 Plus, GRADE A,2.0
LcdPhone, iPhone 7 Plus, GRADE B,1.0
LcdPhone, iPhone 7, GRADE A,1.0
LcdPhone, iPhone 7, GRADE B,0.5
LcdPhone, iPhone 6S Plus, GRADE A,2.0
LcdPhone, iPhone 6S Plus, GRADE B,1.0
LcdPhone, iPhone 6S, GRADE A,1.0
LcdPhone, iPhone 6S, GRADE B,0.5
LcdPhone, iPhone 6 Plus, GRADE A,2.0
LcdPhone, iPhone 6 Plus, GRADE B,1.0
LcdPhone, iPhone 6, GRADE A,1.0
LcdPhone, iPhone 6, GRADE B,0.5
LcdPhone, iPhone 5S, GRADE A,0.5
LcdPhone, iPhone 5S, GRADE B,0.2
LcdPhone, iPhone 5, GRADE A,0.5
LcdPhone, iPhone 5, GRADE B,0.2
LcdPhone, iPhone 5C, GRADE A,0.5
LcdPhone, iPhone 5C, GRADE B,0.2
LcdPhone, iPad Air 2, GRADE A,10.0
LcdPhone, iPad Air 2, GRADE B,5.0
LcdPhone, iPad Mini 4, GRADE A,10.0
LcdPhone, iPad Mini 4, GRADE B,5.0
LcdPhone, iPad Pro 9.7, GRADE A,10.0
LcdPhone, iPad Pro 9.7, GRADE B,5.0
LcdPhone, iPad Pro 10.5, GRADE A,10.0
LcdPhone, iPad Pro 10.5, GRADE B,5.0
LcdPhone, iPad Pro 11, GRADE A,10.0
LcdPhone, iPad Pro 11, GRADE B,5.0
LcdPhone, iPad Pro 12.9, GRADE A,20.0
LcdPhone, iPad Pro 12.9, GRADE B,10.0
